{
    "name": "CRIMSON_SPORE_CIRCLE",
    "enabled": true,
    "spawning": {
        "biomes": [
            "SWAMP",
            "BADLANDS"
        ],
        "spawnDistance": 15.0,
        "randMultiplier": 0.5,
        "relativePlayerPosition": false,
        "minY": 60.0,
        "maxY": 80.0,
        "shuffleLocations": true
    },
    "particle": {
        "particleName": "CRIMSON_SPORE",
        "particleType": "CIRCLE",
        "maxCount": 7,
        "enableLighting": true
    },
    "properties": {
        "radius": 1.0,
        "rate": 0.4,
        "update": 7,
        "duration": 100,
        "rotationAngle": 35,
        "rotationAxis": "x"
    }
}