{
    "name": "DRIPPING_OBSIDIAN_TEAR_LINE",
    "enabled": true,
    "spawning": {
        "biomes": [
            "SNOWY_TAIGA"
        ],
        "spawnDistance": 25.0,
        "randMultiplier": 0.5,
        "relativePlayerPosition": false,
        "minY": 80.0,
        "maxY": 90.0,
        "shuffleLocations": false
    },
    "particle": {
        "particleName": "DRIPPING_OBSIDIAN_TEAR",
        "particleType": "LINE",
        "maxCount": 4,
        "enableLighting": false
    },
    "properties": {
        "rate": 0.5,
        "update": 2,
        "duration": 2
    }
}