{
    "name": "DRIPPING_HONEY_SPHERE",
    "enabled": true,
    "spawning": {
        "biomes": [
            "SUNFLOWER_PLAINS",
            "SPARSE_JUNGLE"
        ],
        "spawnDistance": 20.0,
        "randMultiplier": 0.5,
        "relativePlayerPosition": false,
        "minY": 100.0,
        "maxY": 120.0,
        "shuffleLocations": true
    },
    "particle": {
        "particleName": "DRIPPING_HONEY",
        "particleType": "SPHERE",
        "maxCount": 3,
        "enableLighting": true
    },
    "properties": {
        "radius": 3,
        "rate": 0.4,
        "update": 5,
        "duration": 100
    }
}