{
    "name": "END_ROD_WAVE",
    "enabled": true,
    "spawning": {
        "biomes": [
            "OLD_GROWTH_BIRCH_FOREST",
            "SAVANNA",
            "WINDSWEPT_SAVANNA"
        ],
        "spawnDistance": 30.0,
        "randMultiplier": 0.5,
        "relativePlayerPosition": false,
        "minY": 80.0,
        "maxY": 90.0,
        "shuffleLocations": true
    },
    "particle": {
        "particleName": "END_ROD",
        "particleType": "WAVE",
        "maxCount": 5,
        "enableLighting": false
    },
    "properties": {
        "rate": 0.4,
        "update": 2,
        "duration": 4,
        "waveCycles": 7,
        "waveAmplitude": 3,
        "rotationAngle": 75,
        "rotationAxis": "x"
    }
}