{
    "name": "FALLING_NECTAR_WAVE",
    "enabled": true,
    "spawning": {
        "biomes": [
            "PLAINS"
        ],
        "spawnDistance": 30.0,
        "randMultiplier": 0.5,
        "relativePlayerPosition": false,
        "minY": 80.0,
        "maxY": 90.0,
        "shuffleLocations": true
    },
    "particle": {
        "particleName": "FALLING_NECTAR",
        "particleType": "WAVE",
        "maxCount": 3,
        "enableLighting": true
    },
    "properties": {
        "rate": 0.5,
        "update": 2,
        "duration": 1,
        "waveCycles": 2,
        "waveAmplitude": 3,
        "rotationAngle": 25,
        "rotationAxis": "x"
    }
}