{
    "name": "FLAME_LINE",
    "enabled": true,
    "spawning": {
        "biomes": [
            "DESERT",
            "OLD_GROWTH_SPRUCE_TAIGA"
        ],
        "spawnDistance": 20.0,
        "randMultiplier": 0.5,
        "relativePlayerPosition": false,
        "minY": 90.0,
        "maxY": 100.0,
        "shuffleLocations": true
    },
    "particle": {
        "particleName": "FLAME",
        "particleType": "LINE",
        "maxCount": 5,
        "enableLighting": false
    },
    "properties": {
        "rate": 0.5,
        "update": 2,
        "duration": 1
    }
}