{
    "name": "NOTE_POINT",
    "enabled": true,
    "spawning": {
        "biomes": [
            "STONY_SHORE"
        ],
        "spawnDistance": 10.0,
        "randMultiplier": 0.5,
        "relativePlayerPosition": false,
        "minY": 60.0,
        "maxY": 80.0,
        "shuffleLocations": true
    },
    "particle": {
        "particleName": "NOTE",
        "particleType": "POINT",
        "maxCount": 30,
        "enableLighting": true
    },
    "properties": {
        "update": 3,
        "duration": 20
    }
}