{
    "name": "VILLAGER_ANGRY_CIRCLE",
    "enabled": true,
    "spawning": {
        "biomes": [
            "DESERT"
        ],
        "spawnDistance": 20.0,
        "randMultiplier": 0.5,
        "relativePlayerPosition": false,
        "minY": 80.0,
        "maxY": 100.0,
        "shuffleLocations": true
    },
    "particle": {
        "particleName": "VILLAGER_ANGRY",
        "particleType": "CIRCLE",
        "maxCount": 6,
        "enableLighting": true
    },
    "properties": {
        "radius": 1.5,
        "rate": 0.3,
        "update": 5,
        "duration": 150,
        "rotationAngle": 0,
        "rotationAxis": "x"
    }
}