{
    "name": "WHITE_ASH_CIRCLE",
    "enabled": true,
    "spawning": {
        "biomes": [
            "SNOWY_TAIGA",
            "SNOWY_PLAINS"
        ],
        "spawnDistance": 15.0,
        "randMultiplier": 0.5,
        "relativePlayerPosition": false,
        "minY": 60.0,
        "maxY": 80.0,
        "shuffleLocations": true
    },
    "particle": {
        "particleName": "WHITE_ASH",
        "particleType": "CIRCLE",
        "maxCount": 7,
        "enableLighting": true
    },
    "properties": {
        "radius": 1.0,
        "rate": 0.4,
        "update": 7,
        "duration": 50,
        "rotationAngle": 25,
        "rotationAxis": "x"
    }
}