{"stats":{"minecraft:custom":{"minecraft:animals_bred":38,"minecraft:interact_with_crafting_table":81,"minecraft:open_barrel":4,"minecraft:bell_ring":12,"minecraft:leave_game":44,"minecraft:time_since_death":141724,"minecraft:sprint_one_cm":2031694,"minecraft:damage_blocked_by_shield":2355,"minecraft:drop":258,"minecraft:talked_to_villager":3,"minecraft:play_time":871330,"minecraft:deaths":29,"minecraft:jump":13428,"minecraft:walk_on_water_one_cm":78770,"minecraft:interact_with_furnace":218,"minecraft:sleep_in_bed":39,"minecraft:damage_dealt":67562,"minecraft:crouch_one_cm":137517,"minecraft:horse_one_cm":2416,"minecraft:interact_with_anvil":1,"minecraft:mob_kills":331,"minecraft:climb_one_cm":3243,"minecraft:walk_one_cm":1119201,"minecraft:sneak_time":66740,"minecraft:walk_under_water_one_cm":53823,"minecraft:boat_one_cm":443491,"minecraft:interact_with_blast_furnace":82,"minecraft:total_world_time":871330,"minecraft:time_since_rest":7906,"minecraft:damage_taken":16519,"minecraft:swim_one_cm":203738,"minecraft:fly_one_cm":2670793,"minecraft:open_chest":444,"minecraft:aviate_one_cm":22249,"minecraft:fall_one_cm":362036},"minecraft:killed":{"minecraft:spider":12,"minecraft:skeleton":36,"minecraft:chicken":18,"irons_spellbooks:summoned_skeleton":5,"minecraft:skeleton_horse":3,"epicsamurai:enenra":1,"minecraft:wolf":10,"minecraft:pig":14,"epicsamurai:jorogumo":1,"irons_spellbooks:necromancer":3,"minecraft:creeper":3,"minecraft:sheep":30,"minecraft:pillager":34,"minecraft:donkey":2,"minecraft:zombie":66,"minecraft:cow":45,"irons_spellbooks:summoned_zombie":8,"minecraft:vindicator":1,"minecraft:slime":9,"minecraft:horse":4,"minecraft:drowned":1,"minecraft:husk":2,"ars_nouveau:drygmy":4,"ars_nouveau:starbuncle":2,"epicsamurai:akaname":1,"irons_spellbooks:citadel_keeper":3,"minecraft:hoglin":3,"ars_nouveau:whirlisprig":3,"minecraft:villager":1,"minecraft:enderman":1},"minecraft:picked_up":{"minecraft:wooden_axe":2,"irons_spellbooks:scroll":3,"minecraft:iron_chestplate":1,"minecraft:wheat":122,"minecraft:lead":1,"minecraft:brewing_stand":1,"minecraft:amethyst_block":38,"minecraft:string":37,"minecraft:raw_copper":3,"minecraft:armor_stand":3,"irons_spellbooks:arcane_essence":15,"minecraft:smooth_stone":2,"minecraft:gold_nugget":7,"minecraft:cobbled_deepslate":135,"minecraft:written_book":1,"minecraft:calcite":7,"minecraft:iron_pickaxe":5,"minecraft:melon_slice":139,"ars_elemental:flashpine_pod":4,"irons_spellbooks:inscription_table":3,"minecraft:furnace":10,"minecraft:stick":42,"minecraft:torch":4,"minecraft:acacia_log":44,"minecraft:porkchop":40,"minecraft:diorite":8,"minecraft:goat_horn":1,"minecraft:orange_bed":7,"minecraft:stone_sword":1,"minecraft:rotten_flesh":55,"minecraft:iron_bars":2,"ars_nouveau:drygmy_shard":1,"minecraft:cobblestone":579,"epicsamurai:green_samurai_boots":1,"minecraft:feather":20,"minecraft:cooked_beef":4,"minecraft:andesite":100,"minecraft:potato":309,"minecraft:tuff":21,"minecraft:lapis_lazuli":35,"minecraft:dirt":224,"irons_spellbooks:hogskin":1,"minecraft:bone":70,"minecraft:acacia_planks":83,"minecraft:bow":2,"minecraft:wheat_seeds":469,"minecraft:raw_gold":79,"minecraft:netherite_axe":1,"epicsamurai:raw_silver":32,"minecraft:oak_planks":35,"epicsamurai:green_samurai_helmet":1,"minecraft:poisonous_potato":2,"minecraft:sand":30,"minecraft:grass_block":1,"minecraft:acacia_stairs":3,"minecraft:stripped_acacia_log":3,"minecraft:diamond":27,"minecraft:netherite_helmet":9,"minecraft:crossbow":1,"minecraft:granite":29,"minecraft:bread":38,"epicsamurai:ruby":7,"minecraft:oak_sapling":1,"minecraft:netherrack":45,"minecraft:dark_oak_fence":6,"minecraft:crimson_roots":8,"epicsamurai:green_samurai_chestplate":1,"ars_nouveau:red_archwood_log":17,"minecraft:cocoa_beans":14,"minecraft:crafting_table":7,"minecraft:chicken":18,"irons_spellbooks:tarnished_helmet":4,"minecraft:shield":2,"minecraft:red_bed":5,"minecraft:elytra":1,"minecraft:iron_axe":1,"minecraft:wooden_sword":3,"minecraft:netherite_scrap":1,"epicsamurai:jade":44,"minecraft:cracked_stone_bricks":3,"minecraft:netherite_sword":1,"minecraft:beef":81,"minecraft:oak_boat":4,"minecraft:iron_nugget":53,"minecraft:poppy":1,"minecraft:light_gray_wool":1,"minecraft:sugar_cane":11,"minecraft:chest":2,"minecraft:raw_iron":251,"minecraft:cookie":1,"minecraft:trident":1,"minecraft:carrot":70,"minecraft:redstone":80,"minecraft:arrow":42,"minecraft:weeping_vines":1,"minecraft:hay_block":95,"epicsamurai:red_samurai_leggings":2,"minecraft:mutton":57,"minecraft:bone_block":1,"minecraft:white_wool":24,"minecraft:crimson_stem":1,"minecraft:leather":45,"minecraft:red_mushroom":4,"minecraft:acacia_wood":9,"minecraft:oak_log":45,"minecraft:gunpowder":6,"minecraft:paper":2,"minecraft:white_banner":4,"irons_spellbooks:common_ink":2,"minecraft:stone_bricks":4,"minecraft:iron_ingot":23,"epicsamurai:aquamarine":13,"irons_spellbooks:cinder_essence":4,"minecraft:iron_sword":1,"minecraft:acacia_sapling":6,"minecraft:book":6,"epicsamurai:onyx":8,"minecraft:smooth_basalt":9,"epicsamurai:katana":5,"ars_nouveau:red_archwood_sapling":2,"minecraft:quartz":11,"minecraft:raw_iron_block":1,"minecraft:amethyst_shard":12,"minecraft:blast_furnace":2,"minecraft:spider_eye":3,"minecraft:leather_helmet":3,"travelersbackpack:standard":4,"minecraft:oak_wood":4,"minecraft:slime_ball":6,"minecraft:iron_helmet":1,"minecraft:gray_wool":2,"minecraft:melon_seeds":28,"minecraft:black_wool":2,"minecraft:coal":239},"minecraft:broken":{"minecraft:stone_pickaxe":2,"minecraft:wooden_sword":1,"epicsamurai:red_samurai_leggings":1,"epicsamurai:green_samurai_helmet":1,"minecraft:stone_sword":1,"epicsamurai:green_samurai_boots":1,"minecraft:shield":1,"minecraft:iron_pickaxe":5},"minecraft:used":{"minecraft:elytra":1,"minecraft:poppy":1,"minecraft:chest":3,"minecraft:shield":62,"minecraft:carrot":82,"minecraft:tuff":6,"minecraft:weeping_vines":1,"minecraft:crimson_roots":4,"minecraft:written_book":2,"minecraft:oak_sapling":1,"minecraft:furnace":11,"minecraft:potato":171,"minecraft:diorite":4,"minecraft:oak_planks":85,"minecraft:stone_pickaxe":322,"minecraft:cookie":1,"travelersbackpack:blue_sleeping_bag":1,"minecraft:netherite_helmet":2,"ars_elemental:flashpine_pod":6,"minecraft:melon_slice":43,"minecraft:bread":105,"minecraft:wooden_sword":75,"minecraft:andesite":104,"minecraft:oak_boat":6,"minecraft:bone_meal":42,"minecraft:trident":76,"minecraft:netherite_sword":2,"minecraft:iron_bars":1,"minecraft:stone_sword":172,"minecraft:armor_stand":1,"travelersbackpack:black_sleeping_bag":1,"minecraft:cooked_chicken":19,"minecraft:netherrack":33,"minecraft:orange_bed":5,"minecraft:torch":4,"minecraft:dirt":214,"minecraft:granite":10,"minecraft:wooden_axe":10,"minecraft:iron_axe":171,"minecraft:acacia_wood":3,"minecraft:cooked_beef":20,"minecraft:cobbled_deepslate":135,"minecraft:acacia_planks":77,"epicsamurai:gray_samurai_chestplate":1,"minecraft:wheat_seeds":20,"minecraft:cooked_mutton":40,"minecraft:acacia_boat":2,"minecraft:water_bucket":2,"epicsamurai:green_samurai_chestplate":1,"minecraft:baked_potato":93,"minecraft:crafting_table":7,"minecraft:red_bed":4,"minecraft:diamond_pickaxe":11,"minecraft:acacia_stairs":3,"minecraft:chicken":3,"minecraft:iron_pickaxe":1274,"minecraft:netherite_axe":26,"minecraft:stone_axe":16,"epicsamurai:katana":1306,"minecraft:cobblestone":392,"travelersbackpack:standard":13,"minecraft:white_banner":3,"minecraft:cooked_porkchop":23,"minecraft:bucket":3,"irons_spellbooks:inscription_table":2},"minecraft:dropped":{"minecraft:crimson_stem":1,"minecraft:iron_sword":1,"minecraft:porkchop":13,"minecraft:cooked_beef":44,"minecraft:oak_log":17,"minecraft:diamond":2,"minecraft:dark_oak_slab":1,"minecraft:crossbow":2,"minecraft:leather":9,"minecraft:cracked_stone_bricks":4,"irons_spellbooks:tarnished_helmet":2,"minecraft:black_banner":1,"minecraft:leather_helmet":1,"minecraft:red_mushroom":4,"minecraft:flint":3,"minecraft:emerald":4,"minecraft:red_bed":1,"ars_nouveau:red_archwood_log":9,"minecraft:dark_oak_fence":6,"irons_spellbooks:hogskin":1,"minecraft:mutton":17,"minecraft:crimson_roots":4,"irons_spellbooks:cinder_essence":2,"epicsamurai:jade":20,"minecraft:gold_nugget":16,"minecraft:wooden_sword":2,"epicsamurai:iron_samurai_boots":3,"minecraft:glistering_melon_slice":12,"minecraft:iron_pickaxe":6,"epicsamurai:aquamarine":3,"minecraft:gold_ingot":23,"minecraft:bone":2,"minecraft:goat_horn":1,"minecraft:iron_nugget":68,"epicsamurai:green_samurai_chestplate":2,"minecraft:cobbled_deepslate":12,"minecraft:wheat":3,"epicsamurai:katana":8,"minecraft:rotten_flesh":18,"minecraft:oak_planks":22,"minecraft:acacia_stairs":3,"minecraft:melon_seeds":16,"ars_nouveau:drygmy_shard":1,"minecraft:acacia_sapling":6,"epicsamurai:iron_samurai_helmet":3,"minecraft:spruce_slab":2,"minecraft:iron_bars":1,"minecraft:arrow":18,"minecraft:beef":21,"minecraft:quartz":11,"minecraft:written_book":1,"minecraft:netherrack":12,"epicsamurai:iron_samurai_chestplate":3,"minecraft:iron_ingot":67,"minecraft:bread":123,"minecraft:wheat_seeds":463,"epicsamurai:raw_silver":7,"minecraft:poisonous_potato":2,"minecraft:netherite_helmet":2,"minecraft:iron_helmet":3,"minecraft:feather":2,"minecraft:cobblestone":16,"minecraft:granite":20,"minecraft:coal":56,"minecraft:stick":21,"minecraft:cobweb":2,"ars_nouveau:worn_notebook":4,"minecraft:gray_wool":2,"epicsamurai:steel_ingot":7,"minecraft:diorite":4,"minecraft:wooden_axe":1,"minecraft:fire_charge":1,"minecraft:potion":1,"minecraft:iron_leggings":2,"minecraft:iron_axe":1,"minecraft:raw_iron_block":1,"minecraft:acacia_planks":32,"minecraft:smooth_basalt":9,"ars_elemental:flashpine_pod":1,"minecraft:furnace":1,"epicsamurai:green_samurai_boots":1,"minecraft:stone_sword":3,"minecraft:raw_copper":3,"minecraft:raw_iron":29,"minecraft:light_gray_wool":2,"minecraft:iron_boots":1,"minecraft:hay_block":22,"minecraft:shield":4,"minecraft:iron_chestplate":2,"minecraft:diamond_pickaxe":1,"minecraft:andesite":33,"epicsamurai:ruby":1,"minecraft:oak_boat":2,"epicsamurai:iron_samurai_leggings":3,"minecraft:spider_eye":1,"minecraft:stone_bricks":5,"minecraft:bow":1,"minecraft:raw_gold":33,"minecraft:calcite":7},"minecraft:killed_by":{"minecraft:pillager":1,"minecraft:ravager":1,"minecraft:vindicator":2,"minecraft:zombie":6,"minecraft:player":1,"minecraft:wolf":8,"irons_spellbooks:summoned_vex":2,"irons_spellbooks:archevoker":5},"minecraft:crafted":{"minecraft:oak_planks":136,"epicsamurai:silver_ingot":28,"epicsamurai:gray_samurai_chestplate":1,"epicsamurai:green_samurai_chestplate":1,"minecraft:cooked_chicken":19,"minecraft:cooked_mutton":49,"minecraft:glass":30,"epicsamurai:iron_samurai_helmet":2,"minecraft:iron_boots":1,"minecraft:chest":2,"epicsamurai:white_samurai_helmet":1,"epicsamurai:green_samurai_helmet":1,"minecraft:cooked_porkchop":24,"minecraft:crafting_table":3,"travelersbackpack:standard":1,"minecraft:baked_potato":103,"minecraft:iron_helmet":1,"epicsamurai:green_samurai_boots":2,"travelersbackpack:blue_sleeping_bag":2,"minecraft:iron_chestplate":1,"minecraft:shield":2,"minecraft:stick":62,"minecraft:iron_ingot":324,"minecraft:iron_pickaxe":7,"minecraft:stone_sword":3,"minecraft:gold_ingot":47,"epicsamurai:gray_samurai_leggings":1,"minecraft:wooden_sword":1,"epicsamurai:katana":3,"minecraft:raw_iron":9,"minecraft:iron_nugget":270,"epicsamurai:white_samurai_chestplate":1,"epicsamurai:iron_samurai_chestplate":2,"epicsamurai:straw_hat":1,"minecraft:furnace":1,"minecraft:bone_meal":42,"epicsamurai:iron_samurai_leggings":2,"minecraft:iron_axe":1,"minecraft:stone_pickaxe":3,"minecraft:wheat":441,"minecraft:cooked_beef":52,"epicsamurai:katana_handle":3,"epicsamurai:gray_samurai_helmet":1,"travelersbackpack:backpack_tank":4,"travelersbackpack:black_sleeping_bag":1,"minecraft:bucket":1,"minecraft:stone_axe":1,"minecraft:acacia_boat":2,"minecraft:bread":181,"minecraft:air":0,"epicsamurai:white_samurai_boots":1,"minecraft:blue_dye":4,"minecraft:oak_boat":3,"minecraft:gold_nugget":45,"minecraft:blue_wool":4,"minecraft:iron_leggings":1,"minecraft:acacia_planks":204,"epicsamurai:steel_ingot":54,"epicsamurai:white_samurai_leggings":1,"epicsamurai:iron_samurai_boots":2},"minecraft:mined":{"minecraft:attached_melon_stem":3,"irons_spellbooks:armor_pile":1,"minecraft:brewing_stand":1,"minecraft:granite":27,"minecraft:budding_amethyst":2,"minecraft:acacia_log":39,"epicsamurai:silver_ore":17,"minecraft:grass_block":31,"minecraft:crimson_fungus":1,"minecraft:weeping_vines_plant":2,"minecraft:tall_seagrass":3,"epicsamurai:deepslate_jade_ore":1,"minecraft:raw_iron_block":1,"minecraft:iron_ore":196,"minecraft:cobbled_deepslate":2,"minecraft:fire":12,"minecraft:deepslate_lapis_ore":5,"ars_nouveau:red_archwood_log":17,"minecraft:dirt_path":16,"minecraft:iron_bars":2,"epicsamurai:deepslate_silver_ore":15,"minecraft:orange_bed":7,"minecraft:deepslate_redstone_ore":8,"minecraft:red_bed":5,"minecraft:kelp_plant":1,"minecraft:melon_stem":10,"minecraft:soul_fire":1,"minecraft:torch":2,"minecraft:blast_furnace":1,"minecraft:calcite":8,"ars_elemental:flashpine_pod":1,"minecraft:poppy":1,"minecraft:melon":25,"minecraft:chest":2,"minecraft:nether_quartz_ore":10,"minecraft:cobblestone":68,"minecraft:oak_planks":31,"minecraft:sugar_cane":3,"ars_nouveau:red_archwood_leaves":35,"minecraft:wall_torch":2,"minecraft:amethyst_block":37,"epicsamurai:aquamarine_ore":6,"minecraft:wheat":112,"minecraft:grass":778,"minecraft:oak_log":42,"minecraft:sand":30,"minecraft:dirt":59,"minecraft:smooth_basalt":5,"minecraft:netherrack":18,"minecraft:oak_leaves":40,"minecraft:deepslate":126,"minecraft:diamond_ore":13,"minecraft:tuff":21,"epicsamurai:deepslate_onyx_ore":2,"minecraft:deepslate_diamond_ore":11,"minecraft:dark_oak_fence":6,"minecraft:crimson_roots":12,"minecraft:weeping_vines":1,"minecraft:red_mushroom":7,"minecraft:hay_block":95,"epicsamurai:onyx_ore":6,"minecraft:redstone_ore":11,"minecraft:furnace":10,"minecraft:carrots":18,"minecraft:acacia_wood":5,"minecraft:andesite":94,"minecraft:potatoes":80,"minecraft:deepslate_iron_ore":44,"minecraft:stripped_acacia_log":3,"irons_spellbooks:inscription_table":3,"minecraft:stone":479,"minecraft:bone_block":1,"minecraft:acacia_leaves":44,"epicsamurai:jade_ore":17,"minecraft:glass_pane":7,"minecraft:dandelion":1,"travelersbackpack:standard":4,"epicsamurai:deepslate_aquamarine_ore":7,"minecraft:crafting_table":5,"minecraft:oak_wood":5,"minecraft:campfire":1,"minecraft:copper_ore":1,"minecraft:tall_grass":103,"minecraft:deepslate_coal_ore":1,"minecraft:deepslate_gold_ore":46,"minecraft:lapis_ore":1,"minecraft:diorite":22,"minecraft:white_wall_banner":1,"minecraft:coal_ore":197,"minecraft:cocoa":5,"minecraft:gravel":1,"minecraft:cobweb":30,"minecraft:acacia_planks":22,"minecraft:gold_ore":26,"epicsamurai:ruby_ore":5,"minecraft:fern":9}},"DataVersion":3465}