{"stats":{"minecraft:custom":{"minecraft:time_since_rest":2146,"minecraft:sprint_one_cm":55221,"minecraft:damage_taken":1176,"minecraft:walk_one_cm":25934,"minecraft:damage_dealt":405,"minecraft:swim_one_cm":6682,"minecraft:interact_with_crafting_table":4,"minecraft:fly_one_cm":117667,"minecraft:open_barrel":2,"minecraft:open_chest":2,"minecraft:crouch_one_cm":358,"minecraft:play_time":48772,"minecraft:deaths":4,"minecraft:sneak_time":390,"minecraft:walk_under_water_one_cm":468,"minecraft:jump":564,"minecraft:leave_game":1,"minecraft:walk_on_water_one_cm":4353,"minecraft:time_since_death":2116,"minecraft:sleep_in_bed":1,"minecraft:climb_one_cm":454,"minecraft:total_world_time":48772,"minecraft:fall_one_cm":16550},"minecraft:crafted":{"minecraft:oak_planks":20,"ars_nouveau:archwood_planks":4,"minecraft:crafting_table":1,"minecraft:stick":8,"minecraft:wooden_pickaxe":1,"minecraft:stone_pickaxe":1,"minecraft:torch":8,"minecraft:stone_axe":1},"minecraft:mined":{"minecraft:glass_pane":1,"minecraft:candle":1,"minecraft:crafting_table":2,"ars_nouveau:red_archwood_log":1,"minecraft:grass":4,"minecraft:oak_log":5,"minecraft:grass_block":3,"minecraft:coal_ore":7,"minecraft:dirt":5,"minecraft:cobblestone":10,"minecraft:stone_bricks":2,"minecraft:stone":16,"minecraft:oak_leaves":1,"minecraft:orange_bed":1},"minecraft:used":{"minecraft:bread":2,"minecraft:stone_pickaxe":9,"minecraft:oak_planks":1,"minecraft:wooden_pickaxe":27,"minecraft:torch":1,"minecraft:stone_axe":14,"minecraft:dirt":9,"minecraft:cobblestone":18,"minecraft:crafting_table":2,"ars_nouveau:archwood_planks":4},"minecraft:picked_up":{"ars_nouveau:red_archwood_log":1,"minecraft:crafting_table":2,"minecraft:torch":7,"minecraft:oak_log":5,"minecraft:dirt":9,"minecraft:orange_bed":2,"minecraft:stone_bricks":4,"minecraft:stone_axe":1,"minecraft:candle":2,"ars_nouveau:worn_notebook":1,"minecraft:stone_pickaxe":1,"minecraft:bread":52,"minecraft:oak_planks":8,"minecraft:coal":12,"minecraft:cobblestone":38},"minecraft:killed_by":{"minecraft:vex":2,"irons_spellbooks:archevoker":1}},"DataVersion":3465}